,clust_id,clust_size,num_points_map,centroid,clust_median,contributing_structures,structure_contributions
0,donor_1.0,10,316,"[30.86271506805052, 59.53293869402335, 11.778827350691508]",9.463525533676147,"['3RCW_3', '5POU_46']","[10, 2]"
1,donor_2.0,108,316,"[10.198282537971062, 61.11481041930549, 13.02195928276346]",16.881513595581055,"['3RCW_3', '5AMF_7', '5PO0_13', '5PO6_18', '5PO7_19', '5PO8_21', '5PO9_22', '5POB_24', '5POC_25', '5POE_28', '5POH_31', '5POI_32', '5POJ_34', '5PON_36', '5POO_38', '5POQ_39', '5POR_40', '5POS_41', '5POT_43', '5POU_46', '5POW_48', '5POX_50', '5PP0_56']","[5, 46, 49, 43, 49, 41, 44, 48, 50, 46, 43, 38, 41, 47, 49, 36, 44, 46, 43, 37, 49, 44, 30]"
2,donor_3.0,67,316,"[19.79225847756152, 51.636342701658066, 21.893763551760447]",16.089553833007812,"['3RCW_3', '5AMF_7', '5PO0_13', '5PO6_18', '5PO7_19', '5PO8_21', '5PO9_22', '5POB_24', '5POC_25', '5POE_28', '5POH_31', '5POI_32', '5POJ_34', '5PON_36', '5POO_38', '5POQ_39', '5POR_40', '5POS_41', '5POT_43', '5POU_46', '5POW_48', '5POX_50', '5PP0_56']","[27, 31, 33, 37, 30, 34, 38, 31, 32, 36, 34, 34, 31, 36, 39, 37, 42, 37, 43, 36, 35, 33, 35]"
3,donor_4.0,78,316,"[21.047591911825606, 57.05923976446864, 14.582668377381436]",16.35151720046997,"['3RCW_3', '5AMF_7', '5PO0_13', '5PO6_18', '5PO7_19', '5PO8_21', '5PO9_22', '5POB_24', '5POC_25', '5POE_28', '5POH_31', '5POI_32', '5POJ_34', '5PON_36', '5POO_38', '5POQ_39', '5POR_40', '5POS_41', '5POT_43', '5POU_46', '5POW_48', '5POX_50', '5PP0_56']","[22, 29, 25, 35, 17, 25, 25, 25, 24, 26, 36, 31, 30, 29, 20, 25, 34, 32, 25, 31, 30, 28, 28]"
4,donor_5.0,22,316,"[18.144147082907928, 65.58043095995068, 9.722237377882175]",16.631731033325195,"['3RCW_3', '5POI_32', '5PO9_22', '5PP0_56']","[14, 1, 1, 7]"
5,donor_6.0,18,316,"[24.84961793398734, 64.77804421038296, 9.166602235614906]",12.249026775360107,"['3RCW_3', '5POU_46', '5PP0_56']","[12, 1, 5]"
6,acceptor_1.0,52,306,"[47.55566506583029, 9.184737738220202, 35.808326611735666]",15.407354831695557,"['5AMF_7', '5POH_31', '5POI_32', '5PON_36', '5POQ_39', '5POR_40', '5POS_41', '5POT_43', '5POW_48', '5POX_50']","[14, 13, 23, 12, 16, 17, 14, 22, 10, 22]"
7,acceptor_2.0,70,306,"[21.604376808816365, 63.751114313631284, 13.557664171762902]",12.736788749694824,"['3RCW_3', '5AMF_7', '5PO0_13', '5PO6_18', '5PO7_19', '5PO8_21', '5PO9_22', '5POB_24', '5POC_25', '5POE_28', '5POH_31', '5POI_32', '5POJ_34', '5PON_36', '5POO_38', '5POQ_39', '5POR_40', '5POT_43', '5POU_46', '5POW_48', '5POX_50', '5PP0_56']","[16, 10, 19, 5, 19, 6, 31, 11, 19, 8, 4, 31, 23, 21, 3, 9, 14, 18, 18, 5, 7, 25]"
8,acceptor_3.0,28,306,"[18.080892489076202, 51.707005562713086, 26.418924392309055]",9.494364500045776,"['3RCW_3', '5AMF_7', '5PO0_13', '5PO6_18', '5PO7_19', '5PO8_21', '5PO9_22', '5POB_24', '5POC_25', '5POE_28', '5POH_31', '5POI_32', '5POJ_34', '5PON_36', '5POO_38', '5POQ_39', '5POR_40', '5POS_41', '5POT_43', '5POU_46', '5POW_48', '5POX_50', '5PP0_56']","[3, 6, 5, 6, 6, 7, 20, 5, 18, 5, 10, 18, 3, 6, 7, 7, 8, 17, 6, 6, 7, 5, 6]"
9,acceptor_4.0,34,306,"[20.46245503719728, 50.89747522265548, 19.066062371788284]",15.6411874294281,"['3RCW_3', '5AMF_7', '5PO0_13', '5PO6_18', '5PO7_19', '5PO8_21', '5PO9_22', '5POB_24', '5POC_25', '5POE_28', '5POH_31', '5POI_32', '5POJ_34', '5PON_36', '5POO_38', '5POQ_39', '5POR_40', '5POS_41', '5POT_43', '5POU_46', '5POW_48', '5POX_50', '5PP0_56']","[3, 10, 10, 9, 10, 8, 9, 8, 12, 11, 13, 12, 11, 9, 9, 10, 12, 8, 8, 9, 9, 9, 8]"
10,acceptor_5.0,104,306,"[12.267743797503016, 56.954570481618575, 15.939215025480104]",16.97761821746826,"['3RCW_3', '5AMF_7', '5PO0_13', '5PO6_18', '5PO7_19', '5PO8_21', '5PO9_22', '5POB_24', '5POC_25', '5POE_28', '5POH_31', '5POI_32', '5POJ_34', '5PON_36', '5POO_38', '5POQ_39', '5POR_40', '5POS_41', '5POT_43', '5POU_46', '5POW_48', '5POX_50', '5PP0_56']","[32, 37, 21, 23, 22, 40, 37, 29, 38, 30, 21, 36, 39, 41, 35, 23, 23, 27, 20, 42, 27, 30, 41]"
11,apolar_1.0,825,6480,"[51.15025584334807, 8.544203177403633, 33.9923129207372]",7.91777777671814,"['5AMF_7', '5POH_31', '5POI_32', '5PON_36', '5POQ_39', '5POR_40', '5POS_41', '5POT_43', '5POW_48', '5POX_50']","[716, 617, 746, 702, 777, 624, 592, 690, 601, 676]"
12,apolar_2.0,183,6480,"[21.38734137994512, 40.13850566563512, 4.910101282131162]",2.7838354110717773,"['5AMF_7', '5PO7_19', '5PO9_22', '5POB_24', '5POJ_34', '5POQ_39', '5POX_50']","[97, 80, 177, 101, 48, 99, 93]"
13,apolar_3.0,5472,6480,"[16.784634152945216, 59.69812013271471, 13.824789494870585]",7.744348526000977,"['3RCW_3', '5AMF_7', '5PO0_13', '5PO6_18', '5PO7_19', '5PO8_21', '5PO9_22', '5POB_24', '5POC_25', '5POE_28', '5POH_31', '5POI_32', '5POJ_34', '5PON_36', '5POO_38', '5POQ_39', '5POR_40', '5POS_41', '5POT_43', '5POU_46', '5POW_48', '5POX_50', '5PP0_56']","[2949, 3770, 3587, 3795, 3518, 3581, 4393, 3744, 3802, 3757, 4112, 4070, 4103, 4159, 3973, 3747, 3974, 3467, 4059, 3873, 3727, 3670, 4119]"
